{
    "content_scripts": [
        "js/front.js"
    ], 
    "description": "An intergrated music experience", 
    "creator": "Kango", 
    "framework_version": "1.7.9 e39b6ff2fcc8", 
    "background_scripts": [
        "js/jquery.js", 
        "js/soundmanager.js", 
        "js/back.js"
    ], 
    "version": "1.2.0", 
    "framework_package_id": "dev", 
    "browser_button": {
        "caption": "Music Simplified.", 
        "icon": "images/icon.png", 
        "popup": {
            "url": "main.html", 
            "width": 700, 
            "height": 500
        }, 
        "tooltipText": "Emby"
    }, 
    "id": "oncjnijfdlmbbhjmlpiiodfplojdmdbn", 
    "name": "Emby"
}